location,latitude [degree],longitude [degree],height of station ground above mean sea level [m]
1152,67.16,14.22,13
1384,60.12,11.05,208
2836,67.22,26.38,179
2935,62.24,25.40,141
2963,60.49,23.30,103
3005,60.08,-1.11,82
3023,57.21,-7.23,4
3026,58.13,-6.19,8
3066,57.39,-3.34,5
3171,56.23,-2.52,10
3213,54.20,-3.24,9
3238,55.01,-1.53,142
3240,55.25,-1.36,23
3257,54.18,-1.32,33
3354,53.00,-1.15,117
3377,53.11,-0.31,70
3414,52.48,-2.40,72
3496,52.41,1.41,14
3502,52.08,-4.34,133
3590,52.07,0.57,90
3649,51.45,-1.35,82
3693,51.33,0.50,2
3743,51.12,-1.48,132
3808,50.13,-5.20,87
3840,50.52,-3.14,252
3882,50.54,0.19,52
3917,54.40,-6.14,63
3920,54.29,-6.06,38
4018,63.59,-22.36,54
4030,64.08,-21.56,61
4089,65.17,-14.24,23
4220,68.42,-52.51,41
4234,66.57,-53.44,8
4320,76.46,-18.40,12
4339,70.29,-21.57,71
4360,65.37,-37.38,56
6011,62.01,-6.46,56
6030,57.06,9.51,13
6060,56.18,9.07,53
6096,55.11,8.34,9
6181,55.46,12.32,42
6235,52.56,4.47,1
6242,53.14,4.55,10
6260,52.06,5.11,4
6290,52.16,6.53,35
6350,51.34,4.56,13
6447,50.48,4.21,101
6451,50.54,4.32,55
6458,50.45,4.46,123
6476,50.02,5.24,557
6610,46.49,6.57,490
6620,47.41,8.37,440
6632,47.11,7.25,429
6842,47.23,9.17,506
6849,47.14,9.30,436
7005,50.08,1.50,72
7110,48.27,-4.23,95
7145,48.46,2.01,174
7180,48.41,6.13,213
7255,47.04,2.22,166
7481,45.44,5.05,240
7510,44.50,-0.41,48
7572,44.01,6.32,1772
7618,43.35,1.22,158
7645,43.51,4.24,62
7650,43.26,5.13,32
7714,44.35,6.39,2575
7761,41.55,8.48,9
8001,43.22,-8.25,67
8023,43.29,-3.48,59
8160,41.40,-1.00,258
8301,39.33,2.38,3
8430,38.00,-1.10,62
8522,32.39,-16.54,59
8579,38.46,-9.08,105
8594,16.45,-22.57,56
10113,53.43,7.09,16
10147,53.38,9.59,15
10184,54.06,13.24,7
10200,53.23,7.14,-2
10238,52.49,9.55,77
10304,52.43,7.19,41
10338,52.28,9.41,59
10356,52.10,11.11,163
10384,52.28,13.24,49
10488,51.08,13.45,232
10557,50.30,11.08,851
10618,49.42,7.20,377
10908,47.52,8.00,1496
10954,47.50,10.52,757
10962,47.48,11.01,986
11010,48.14,14.11,313
11036,48.07,16.35,183
11120,47.16,11.21,593
11124,47.09,10.13,2805
11126,47.13,11.28,2252
11240,46.59,15.26,363
11406,50.04,12.23,490
11509,50.28,14.10,160
11520,50.00,14.27,304
11538,49.12,14.21,508
11698,48.53,16.05,339
11747,49.27,17.08,217
11952,49.02,20.19,703
12105,54.12,16.09,35
12120,54.45,17.32,6
12150,54.23,18.28,138
12185,54.04,21.22,110
12195,54.08,22.57,185
12205,53.24,14.37,7
12250,53.03,18.36,72
12270,53.06,20.22,149
12272,53.46,20.25,137
12295,53.06,23.10,150
12330,52.25,16.50,88
12345,52.12,18.40,117
12360,52.35,19.44,109
12375,52.10,20.58,106
12400,51.56,15.31,192
12415,51.12,16.12,124
12455,51.13,18.33,201
12465,51.43,19.24,190
12495,51.13,22.24,240
12500,50.54,15.47,343
12566,50.05,19.48,242
12570,50.49,20.42,261
12580,50.07,22.01,213
12843,47.26,19.11,139
12935,46.55,18.03,109
12982,46.15,20.05,83
13269,44.19,19.55,177
13275,44.46,20.25,203
13289,44.07,21.57,1039
13369,43.17,20.00,1039
13383,43.34,21.21,167
13388,43.20,21.54,203
13586,41.58,21.39,239
13615,41.20,19.47,90
14015,46.04,14.31,298
14240,45.49,16.02,128
14256,45.53,17.12,263
14370,45.10,18.00,89
14430,44.06,15.20,79
14445,43.30,16.26,128
15010,47.43,22.53,124
15080,47.02,21.54,137
15094,47.01,27.35,400
15120,46.47,23.34,411
15145,46.32,24.31,311
15150,46.33,26.54,175
15200,46.08,21.21,118
15247,45.46,21.15,87
15260,45.47,24.05,444
15302,45.30,25.35,1091
15310,45.28,28.02,70
15350,45.08,26.51,98
15360,45.10,29.44,13
15410,44.38,22.38,78
15420,44.31,26.05,91
15421,44.30,26.13,91
15450,44.19,23.52,193
15462,44.15,28.15,71
15480,44.13,28.39,14
15552,43.12,27.57,43
15614,42.39,23.23,591
16253,41.04,14.05,10
16560,39.15,9.04,2
16597,35.51,14.29,91
16622,40.32,22.58,4
16648,39.39,22.28,73
16682,37.55,21.17,12
16716,37.53,23.45,45
16723,37.41,26.55,11
16754,35.20,25.11,40
17022,41.27,31.47,137
17030,41.21,36.15,4
17038,41.00,39.47,34
17062,40.54,29.09,18
17090,39.45,37.00,1285
17096,39.57,41.11,1758
17116,40.14,29.01,100
17130,39.57,32.53,891
17150,39.37,27.55,102
17220,38.24,27.05,29
17240,37.47,30.34,997
17246,37.12,33.13,1023
17280,37.54,40.12,674
17292,37.13,28.22,646
17300,36.52,30.44,64
17351,37.00,35.21,27
17600,34.43,32.29,8
17601,34.36,32.59,26
17607,35.08,33.24,162
17609,34.52,33.37,12
20046,80.38,58.04,25
20094,79.17,101.37,26
20107,78.03,14.13,76
20292,77.43,104.18,15
20674,73.31,80.24,46
20891,71.59,102.28,33
21432,76.00,137.52,15
21824,71.35,128.55,7
21946,70.37,147.53,61
21982,70.59,-178.39,5
22113,68.57,33.03,51
22217,67.10,32.21,25
22271,67.53,44.10,8
22550,64.30,40.44,8
22820,61.49,34.16,111
22845,61.30,38.56,126
23022,69.47,61.39,48
23078,69.21,88.16,65
23205,67.38,53.01,12
23330,66.32,66.40,16
23418,65.08,57.08,59
23472,65.48,87.59,38
23552,64.55,77.46,27
23804,61.41,50.47,119
23884,61.35,90.02,58
23921,60.41,60.27,94
23933,61.02,69.07,44
23955,60.26,77.52,49
24125,68.30,112.26,220
24266,67.34,133.24,136
24343,66.46,123.24,92
24507,64.16,100.13,191
24641,63.47,121.37,111
24688,63.15,143.09,740
24726,62.32,113.52,357
24817,61.16,108.01,291
24908,60.20,102.18,260
24944,60.24,120.25,230
24959,62.01,129.43,101
25123,68.45,161.17,28
25399,66.10,-169.50,7
25400,65.44,150.54,43
25428,65.14,160.32,260
25563,64.47,177.34,61
25677,63.01,179.17,5
25703,62.55,152.25,210
25913,59.33,150.47,116
26038,59.24,24.36,34
26063,59.58,30.18,6
26258,57.49,28.20,44
26298,57.53,34.02,187
26422,56.57,24.07,7
26435,56.39,25.08,81
26477,56.21,30.37,103
26629,54.53,23.50,77
26702,54.44,20.33,21
26781,54.45,32.04,238
26850,53.56,27.38,224
27037,59.19,39.56,130
27199,58.34,49.34,158
27459,56.16,44.00,157
27595,55.44,49.12,119
27612,55.50,37.37,157
27703,54.33,36.22,199
27707,54.06,35.21,238
27730,54.38,39.42,157
27944,52.44,41.28,161
27962,53.07,45.01,172
27995,52.59,49.26,45
28275,58.09,68.15,47
28445,56.44,61.04,288
28661,55.27,65.24,72
28698,55.01,73.23,122
28722,54.43,55.49,104
28952,53.14,63.44,170
29231,58.19,82.57,75
29263,58.27,92.12,79
29282,58.23,97.27,134
29612,55.21,78.18,120
29698,54.53,99.02,411
29862,53.46,91.19,256
30054,59.27,112.35,190
30230,57.46,108.04,259
30309,56.17,101.45,416
30372,56.54,118.16,711
30521,54.48,105.10,419
30554,54.27,113.35,902
30635,53.25,109.01,461
30673,53.45,119.44,625
30692,54.00,123.58,397
30715,52.29,103.51,437
30758,52.05,113.29,671
30935,50.22,108.45,771
30965,50.24,116.31,676
31004,58.37,125.22,679
31088,59.22,143.12,6
31168,56.27,138.09,8
31300,53.44,127.17,230
31329,53.05,132.56,542
31369,53.09,140.42,46
31510,50.17,127.29,169
31538,50.04,132.08,347
31770,49.00,140.18,24
31873,45.52,133.44,105
31909,45.00,136.36,62
31977,43.16,132.03,87
32061,50.54,142.10,31
32098,49.13,143.06,8
32150,46.57,142.43,24
32165,44.01,145.52,45
32215,50.41,156.08,23
32389,56.19,160.50,29
32477,54.18,155.55,25
32540,53.05,158.35,84
32618,55.12,165.59,18
33317,50.10,27.02,278
33345,50.24,30.32,167
33393,49.48,23.58,323
33631,48.38,22.16,124
33658,48.16,25.58,246
33791,48.03,33.13,124
33815,47.01,28.59,173
33837,46.26,30.46,42
33946,45.02,33.58,181
33966,45.03,34.36,205
34009,51.46,36.10,247
34247,50.25,41.03,92
34300,49.56,36.17,155
34560,48.47,44.22,134
34858,45.55,43.21,86
34880,46.17,47.59,-21
35121,51.42,55.05,118
35229,50.15,57.13,219
35394,49.48,73.09,553
35671,47.48,67.43,346
35700,47.07,51.53,-22
35796,46.48,75.05,350
36003,52.12,77.04,122
36096,51.43,94.30,632
36870,43.14,76.56,851
37018,44.06,39.04,62
37054,44.14,43.04,328
37099,43.35,39.46,131
37735,40.43,46.25,311
37747,40.37,47.09,15
37789,40.13,44.30,1134
37860,40.32,50.00,28
37914,39.52,48.03,-1
37936,39.12,45.25,885
37985,38.44,48.50,-12
38062,44.49,65.32,130
38264,42.29,59.37,75
38341,42.51,71.18,652
38353,42.51,74.32,760
38396,41.34,60.38,100
38457,41.20,69.18,477
38606,40.33,70.57,399
38611,41.00,71.35,474
38683,39.43,64.37,224
38696,39.38,66.57,725
38812,38.45,65.43,375
38836,38.35,68.44,800
38927,37.17,67.19,311
38954,37.30,71.30,2075
40080,33.25,36.31,609
40100,33.49,35.29,19
40179,32.00,34.49,35
40265,32.22,36.15,683
40290,31.52,35.13,759
40373,28.19,46.08,358
40375,28.23,36.36,768
40394,27.26,41.41,1002
40417,26.27,49.49,12
40430,24.33,39.42,636
40437,24.56,46.43,614
40608,36.19,43.09,223
40642,33.02,40.17,631
40650,33.18,44.24,32
40676,31.01,46.14,5
40689,30.31,47.47,2
40690,30.31,47.47,3
40706,38.07,46.15,1361
40745,36.14,59.38,999
40754,35.42,51.19,1191
40766,34.21,47.09,1319
40800,32.31,51.42,1550
40809,32.53,59.17,1491
40811,31.21,48.45,22
40821,31.54,54.17,1237
40841,30.15,56.58,1754
40848,29.34,52.36,1484
40856,29.28,60.54,1370
40875,27.13,56.22,10
40938,34.13,62.13,964
40948,34.33,69.13,1791
40990,31.30,65.51,1010
41024,21.42,39.11,17
41112,18.14,42.39,2093
41114,18.18,42.48,2056
41169,25.16,51.36,4
41170,25.15,51.34,10
41217,24.26,54.39,27
41256,23.37,58.16,8
41316,17.02,54.04,23
41404,15.31,44.11,2190
41443,14.35,49.15,25
41480,12.50,45.02,3
41494,12.38,53.54,47
41506,35.51,71.50,1500
41515,35.34,71.47,1465
41516,35.55,74.20,1459
41517,35.18,75.41,2181
41529,34.02,71.56,329
41532,34.22,73.29,2303
41560,33.52,70.05,1726
41571,33.37,73.06,508
41594,32.03,72.40,188
41598,32.56,73.43,234
41600,32.30,74.32,256
41620,31.21,69.28,1407
41624,31.49,70.55,173
41640,31.33,74.20,215
41672,30.47,72.12,150
41675,30.12,71.26,123
41678,29.57,73.15,163
41685,29.53,69.43,1098
41696,29.02,66.35,2017
41710,28.49,62.45,683
41712,28.53,64.24,850
41715,28.18,68.28,56
41718,28.39,70.41,88
41739,26.58,64.06,981
41744,27.50,66.38,1232
41749,26.15,68.22,38
41756,25.04,61.48,57
41764,25.23,68.25,30
41768,25.31,69.47,6
41780,24.54,67.08,22
41859,25.44,89.14,34
41883,24.51,89.22,20
41891,24.54,91.53,35
41907,24.08,89.03,14
41922,23.51,90.24,10
41923,23.46,90.23,9
41936,23.11,89.10,7
41943,23.02,91.25,8
41950,22.45,90.22,4
41977,22.21,91.49,34
41984,21.59,90.14,9
41992,21.26,91.56,4
42027,34.05,74.50,1587
42042,33.59,74.47,1666
42071,31.38,74.52,234
42101,30.20,76.28,252
42103,30.23,76.46,273
42111,30.19,78.02,683
42123,29.55,73.53,177
42165,28.00,73.18,224
42170,28.15,74.55,286
42182,28.35,77.12,216
42189,28.22,79.24,169
42260,27.09,77.58,168
42273,27.34,81.36,124
42299,27.20,88.37,1756
42314,27.29,95.01,111
42328,26.54,70.55,257
42339,26.18,73.01,221
42348,26.49,75.48,390
42361,26.14,78.15,207
42367,26.24,80.24,126
42369,26.45,80.53,124
42379,26.45,83.22,77
42410,26.06,91.35,72
42416,26.43,92.48,71
42435,25.45,71.23,193
42452,25.09,75.51,279
42475,25.27,81.44,98
42492,25.36,85.10,57
42498,25.14,86.57,44
42539,24.12,72.12,136
42542,24.37,73.53,514
42591,24.45,84.57,116
42623,24.46,93.54,774
42634,23.15,69.48,117
42647,23.04,72.38,56
42667,23.17,77.21,521
42675,23.12,79.57,398
42701,23.19,85.19,646
42724,23.53,91.15,39
42734,22.27,70.05,20
42798,22.49,86.11,143
42809,22.39,88.27,6
42840,21.12,72.50,10
42867,21.06,79.03,310
42874,21.14,81.39,296
42886,21.55,84.05,230
42895,21.31,86.56,18
42909,20.54,70.22,12
42971,20.15,85.50,49
42976,20.18,86.41,9
43003,19.07,72.51,15
43014,19.51,75.24,585
43041,19.05,82.02,554
43049,19.16,84.53,17
43063,18.32,73.51,558
43110,16.59,73.20,91
43128,17.27,78.28,535
43150,17.41,83.18,70
43185,16.12,81.09,10
43192,15.29,73.49,64
43194,15.23,73.49,62
43201,15.25,75.38,669
43237,14.35,77.38,372
43279,13.00,80.11,16
43284,12.55,74.53,106
43285,12.57,74.50,32
43295,12.58,77.35,923
43311,11.07,72.44,12
43333,11.40,92.43,79
43344,10.46,78.43,94
43346,10.55,79.50,6
43369,8.18,73.09,2
43371,8.29,76.57,64
43373,8.32,76.52,7
43413,8.59,79.55,3
43418,8.35,81.15,79
43424,8.02,79.50,2
43466,6.54,79.52,7
43497,6.07,81.08,16
43555,4.12,73.32,3
43599,-0.42,73.09,3
44212,49.58,92.05,939
44231,49.38,100.10,1283
44259,48.05,114.32,747
44277,46.23,96.14,2181
44288,46.16,102.47,1813
44292,47.55,106.51,1304
44373,43.35,104.25,1465
44454,27.42,85.22,1337
45011,22.10,113.34,114
47041,39.56,127.33,22
47058,39.02,125.47,36
47083,37.20,127.35,61
47084,37.21,127.15,142
47086,36.13,126.32,4
47088,36.24,128.17,90
47090,38.15,128.34,19
47102,37.58,124.43,146
47103,37.56,124.38,169
47104,37.48,128.51,80
47105,37.45,128.53,27
47107,37.44,128.56,6
47110,37.33,126.48,10
47111,37.27,127.06,21
47113,37.28,126.26,7
47118,38.14,127.57,125
47120,37.13,127.00,24
47122,37.05,127.02,52
47123,37.06,128.52,704
47128,36.43,127.30,53
47134,36.37,128.21,107
47138,36.02,129.23,4
47142,35.53,128.40,36
47147,36.18,127.13,145
47153,35.10,128.56,3
47155,35.10,128.34,38
47158,35.07,126.48,13
47161,35.04,128.03,8
47169,34.41,125.27,78
47175,34.28,126.19,478
47185,33.18,126.10,76
47188,33.23,126.53,19
47401,45.25,141.41,12
47406,43.57,141.38,25
47412,43.04,141.20,26
47417,42.55,143.13,44
47418,42.57,144.26,16
47420,43.20,145.35,27
47570,37.29,139.55,214
47580,40.42,141.22,37
47582,39.43,140.06,22
47585,39.39,141.58,47
47587,38.55,139.51,5
47590,38.16,140.54,44
47600,37.24,136.54,7
47612,37.06,138.15,15
47616,36.03,136.13,17
47626,36.09,139.23,32
47629,36.23,140.28,31
47636,35.10,136.58,56
47640,35.30,138.46,861
47646,36.03,140.08,27
47656,34.59,138.24,16
47663,34.04,136.12,17
47674,35.09,140.19,14
47678,33.07,139.47,153
47681,34.45,137.41,45
47741,35.27,133.04,22
47744,35.26,133.20,8
47749,35.29,135.23,9
47755,34.54,132.04,21
47764,34.09,132.15,6
47778,33.27,135.45,69
47805,33.22,129.33,59
47807,33.35,130.23,15
47815,33.14,131.37,13
47819,32.49,130.42,39
47822,32.35,131.39,21
47827,31.33,130.33,32
47881,34.08,134.37,11
47891,34.19,134.03,11
47898,32.43,133.01,34
47909,28.24,129.33,295
47912,24.28,123.01,36
47918,24.20,124.10,15
47936,26.12,127.41,50
47945,25.50,131.14,21
47971,27.06,142.11,8
47981,24.47,141.19,120
47991,24.17,153.59,9
48008,25.22,97.24,147
48024,23.12,94.04,152
48042,21.57,96.05,76
48053,20.50,95.50,220
48060,21.18,99.37,828
48062,20.08,92.53,5
48071,19.25,93.33,5
48078,18.55,96.28,49
48080,18.28,94.21,11
48094,16.46,94.46,10
48097,16.52,96.09,20
48108,14.06,98.13,17
48109,14.07,93.22,3
48110,12.26,98.36,37
48112,9.58,98.35,47
48327,18.46,98.58,314
48354,17.23,102.49,178
48378,16.48,100.17,46
48407,15.15,104.52,124
48431,14.58,102.05,187
48453,13.40,100.36,3
48455,13.44,100.34,4
48477,12.41,100.59,21
48480,12.37,102.06,4
48500,11.50,99.49,6
48551,9.08,99.09,7
48565,8.09,98.19,9
48568,7.11,100.36,7
48601,5.18,100.16,4
48602,5.28,100.23,4
48615,6.10,102.17,5
48620,4.13,100.42,8
48647,3.07,101.33,22
48648,3.06,101.39,47
48650,2.43,101.42,17
48657,3.47,103.13,16
48672,2.01,103.19,86
48698,1.22,103.59,14
48820,21.02,105.48,6
48839,20.08,107.43,56
48855,16.04,108.21,7
48887,10.56,108.06,5
48900,10.49,106.40,5
48914,9.11,105.09,2
48966,13.22,103.51,15
48985,10.36,104.11,4
48991,11.36,104.52,10
50557,49.10,125.14,243
51076,47.44,88.05,737
51156,46.49,85.45,1323
51431,43.57,81.20,664
51644,41.43,82.57,1084
51709,39.29,75.45,1387
51777,39.02,88.10,889
51828,37.08,79.56,1375
52203,42.49,93.31,739
52267,41.57,101.04,941
52323,41.48,97.02,1770
52418,40.09,94.41,1140
52533,39.46,98.29,1478
52681,38.38,103.05,1369
52818,36.25,94.54,2809
52836,36.18,98.06,3190
52983,35.52,104.09,1875
53336,41.34,108.31,1290
53463,40.51,111.34,1154
53513,40.44,107.22,1042
53543,39.50,109.59,1459
53614,38.28,106.12,1112
53798,37.11,114.22,184
53915,35.32,106.40,1469
54102,43.57,116.07,1004
54135,43.36,122.16,180
54161,43.54,125.13,238
54292,42.52,129.30,258
54337,41.08,121.07,70
54342,41.44,123.31,49
54374,41.48,126.53,381
54401,40.47,114.53,774
54497,40.03,124.20,14
54511,39.56,116.17,33
54539,39.26,118.54,12
54662,38.54,121.38,97
54823,36.36,117.03,169
54857,36.04,120.20,77
55299,31.29,92.04,4508
55591,29.40,91.08,3650
56080,35.00,102.54,2910
56146,31.37,100.00,3394
56571,27.54,102.16,1599
56691,26.52,104.17,2236
56739,24.59,98.30,1697
56778,25.01,102.41,1892
56964,22.46,100.59,1303
56985,23.27,103.20,1314
57067,34.05,111.04,660
57083,34.43,113.39,111
57127,33.04,107.02,509
57131,34.26,108.58,411
57178,33.06,112.29,182
57290,32.56,113.55,107
57447,30.17,109.28,458
57461,30.44,111.22,258
57494,30.36,114.03,25
57957,25.20,110.18,166
57972,25.44,112.58,369
58027,34.17,117.09,42
58150,33.45,120.18,3
58203,32.52,115.44,33
58238,31.56,118.54,36
58362,31.25,121.27,9
58424,30.37,116.58,62
58457,30.14,120.10,43
58606,28.36,115.55,50
58633,28.58,118.52,83
58725,27.20,117.28,219
58847,26.05,119.17,85
58968,25.02,121.31,9
59023,24.42,108.02,261
59096,24.23,114.29,285
59134,24.29,118.05,139
59211,23.54,106.36,177
59265,23.29,111.18,120
59362,24.01,121.37,14
59431,22.47,108.33,153
59663,21.50,111.58,91
59758,20.00,110.15,64
59792,20.40,116.43,6
59948,18.13,109.35,420
59981,16.50,112.20,5
60020,28.27,-16.15,36
60096,23.43,-15.56,9
60101,35.44,-5.54,14
60115,34.47,-1.56,470
60150,33.53,-5.31,560
60155,33.34,-7.40,57
60191,32.22,-6.24,472
60252,30.20,-9.24,74
60360,36.50,7.49,8
60390,36.41,3.13,29
60402,36.43,5.04,7
60419,36.17,6.37,692
60430,36.18,2.14,721
60445,36.10,5.19,1015
60490,35.23,0.22,91
60525,34.48,5.44,89
60535,33.09,3.23,1185
60550,33.43,1.05,1347
60559,33.30,6.47,69
60566,32.24,3.48,469
60571,31.30,-2.15,816
60580,31.56,5.24,148
60590,30.34,2.52,403
60602,30.08,-2.10,505
60607,29.15,0.17,317
60611,28.03,9.38,562
60620,27.49,-0.11,283
60630,27.14,2.30,269
60640,26.30,8.25,541
60656,27.42,-8.10,449
60670,24.16,9.28,970
60680,22.48,5.26,1377
60710,36.57,8.45,21
60714,37.15,9.48,3
60715,36.50,10.14,4
60720,36.51,11.05,30
60725,36.29,8.48,144
60735,35.40,10.06,68
60738,35.33,8.41,1092
60740,35.40,10.45,3
60745,34.25,8.49,314
60750,34.43,10.41,23
60760,33.55,8.10,86
60769,33.52,10.46,4
60775,32.19,10.24,301
60780,31.41,9.18,259
61017,18.41,12.55,357
61024,16.58,7.59,502
61043,14.54,5.15,391
61052,13.29,2.10,227
61075,13.48,5.15,273
61080,13.28,7.05,373
61085,13.25,12.47,305
61090,13.47,8.59,453
61202,20.12,0.59,491
61214,18.26,1.21,459
61223,16.43,-3.00,264
61226,16.16,-0.03,260
61233,15.10,-7.17,265
61257,14.26,-11.26,47
61265,14.31,-4.06,272
61272,13.24,-6.09,289
61291,12.32,-7.57,381
61401,25.14,-11.37,360
61404,22.45,-12.29,343
61415,20.55,-17.02,3
61421,20.31,-13.04,224
61442,18.18,-15.59,8
61497,16.36,-7.16,269
61498,16.38,-11.24,115
61600,16.03,-16.27,2
61641,14.44,-17.30,24
61687,13.46,-13.41,49
61695,12.33,-16.16,19
61731,13.19,-14.13,4
61856,8.37,-13.12,27
61891,7.59,-10.51,186
61901,-15.57,-5.40,436
61902,-7.58,-14.24,79
61931,0.23,6.43,13
61967,-7.18,72.24,3
61968,-11.35,47.17,4
61970,-17.03,42.43,10
61972,-22.21,40.20,6
61974,-10.23,56.36,4
61976,-15.53,54.31,13
61980,-20.54,55.32,13
61986,-16.27,59.37,4
61988,-19.41,63.25,62
61995,-20.18,57.30,425
61996,-37.48,77.34,29
61998,-49.21,70.15,30
62010,32.44,13.05,64
62019,31.12,16.34,13
62053,32.06,20.16,132
62103,30.07,9.29,347
62124,27.01,14.27,432
62305,31.34,25.08,6
62306,31.20,27.13,30
62318,31.11,29.57,7
62337,31.04,33.50,32
62378,29.52,31.21,141
62387,28.05,30.44,41
62403,26.12,32.45,77
62414,23.58,32.49,194
62417,29.12,25.29,-13
62420,28.20,28.54,130
62423,27.03,27.59,92
62432,25.30,28.58,111
62435,25.28,30.33,73
62459,28.13,33.39,14
62463,27.11,33.48,14
62600,21.49,31.21,190
62640,19.32,33.19,312
62641,19.35,37.13,42
62650,19.10,30.29,226
62721,15.36,32.33,380
62730,15.28,36.24,500
62760,13.37,25.20,730
62771,13.10,30.14,574
62805,11.47,34.23,470
62840,9.33,31.39,388
62880,7.42,28.01,438
62941,4.52,31.36,457
63021,15.17,38.55,2325
63125,11.33,43.09,19
63260,2.02,45.21,9
63403,8.09,35.32,2002
63450,9.02,38.45,2354
63533,5.20,39.34,1544
63612,3.07,35.35,506
63619,3.36,39.03,1113
63624,3.56,41.51,331
63641,2.20,37.59,1345
63661,1.01,35.01,561
63671,1.44,40.05,244
63686,0.30,35.18,646
63695,0.03,37.39,1524
63705,0.03,32.27,1155
63708,-0.05,34.44,1149
63710,-0.22,35.16,1976
63714,-0.16,36.06,1901
63717,-0.27,36.59,1798
63720,-0.30,37.28,1494
63723,-0.29,39.39,128
63729,-1.20,31.49,1137
63733,-1.30,33.48,1147
63737,-1.05,35.52,1585
63741,-1.18,36.46,1798
63756,-2.28,32.55,1140
63766,-2.17,37.49,1000
63791,-3.25,37.03,896
63793,-3.24,38.33,560
63799,-3.14,40.06,20
63801,-4.53,29.40,885
63816,-4.05,37.43,872
63820,-4.01,39.36,5
63832,-5.05,32.50,1190
63844,-5.05,39.04,35
63862,-6.10,35.46,1120
63866,-6.50,37.39,526
63870,-6.13,39.13,15
63887,-7.40,35.45,1428
63894,-6.53,39.12,55
63932,-8.56,33.28,1707
63962,-10.41,35.35,1067
63971,-10.16,40.11,113
63995,-9.21,46.32,4
64040,0.31,25.11,396
64210,-4.23,15.26,312
64235,-5.53,22.25,657
64387,-1.58,30.08,1497
64390,-3.19,29.19,783
64400,-4.48,11.53,19
64401,-4.12,12.42,331
64450,-4.15,15.15,316
64453,-2.32,14.46,790
64458,1.37,16.03,350
64459,1.37,18.04,327
64500,0.27,9.25,15
64501,-0.42,8.45,4
64510,2.05,11.29,599
64600,4.15,15.48,583
64601,5.58,15.38,1020
64610,6.29,17.26,465
64650,4.24,18.31,366
64654,8.24,20.39,511
64656,4.44,22.50,500
64665,4.19,21.11,406
64700,12.08,15.02,295
64750,9.09,18.23,365
64753,18.00,19.10,234
64860,9.20,13.23,244
64870,7.21,13.34,1104
64893,5.39,10.45,1210
64900,5.33,12.22,1031
64931,4.28,14.22,656
64950,3.50,11.31,760
65046,12.03,8.32,473
65082,11.51,13.05,354
65123,9.37,6.32,256
65125,9.15,7.00,343
65167,9.14,12.28,186
65201,6.35,3.20,39
65257,6.28,7.33,142
65271,7.44,8.32,113
65306,11.08,2.56,292
65330,9.21,2.37,393
65344,6.21,2.23,9
65361,8.59,1.09,387
65387,6.10,1.15,25
65416,9.02,-2.29,300
65418,9.33,-0.51,169
65437,7.49,-0.02,122
65442,6.43,-1.36,286
65467,4.53,-1.46,5
65472,5.36,-0.10,68
65503,12.21,-1.31,306
65510,11.10,-4.18,432
65536,9.23,5.33,381
65548,7.23,-7.31,340
65555,7.44,-5.04,376
65578,5.15,-3.56,8
65592,4.25,-7.22,21
66152,-7.24,20.49,776
66160,-8.51,13.14,70
66215,-9.33,16.22,1142
66310,-12.35,13.25,4
66318,-12.48,15.45,1701
66390,-14.56,13.34,1758
66410,-14.39,17.41,1343
67001,-11.42,43.14,6
67002,-11.32,43.16,29
67004,-12.07,44.26,12
67009,-12.21,49.18,105
67019,-14.38,47.46,57
67025,-14.53,50.15,88
67027,-15.40,46.21,18
67083,-18.48,47.29,1276
67095,-18.07,49.24,6
67113,-19.50,48.48,5
67117,-20.17,44.19,8
67137,-21.27,47.06,1109
67161,-23.23,43.44,8
67197,-25.02,46.57,9
67215,-12.59,40.32,50
67217,-13.18,35.14,1365
67237,-15.06,39.17,441
67261,-16.11,33.35,150
67283,-17.53,36.53,16
67297,-19.48,34.54,16
67323,-23.52,35.23,15
67341,-25.55,32.34,44
67423,-9.57,33.53,529
67475,-10.13,31.08,1384
67485,-11.53,33.37,1351
67489,-11.27,34.01,1253
67581,-13.33,32.35,1032
67584,-13.01,33.28,1015
67586,-13.47,33.46,1229
67597,-13.45,34.35,513
67633,-15.15,23.09,1053
67693,-15.41,34.58,767
67761,-16.31,28.53,518
67765,-16.50,29.37,1344
67781,-17.25,32.13,1244
67843,-18.06,25.51,1062
67853,-18.38,27.00,1077
67861,-18.13,28.56,1282
67867,-19.27,29.51,1429
67869,-18.19,29.53,1157
67881,-18.32,32.08,1430
67964,-20.09,28.37,1344
67975,-20.04,30.52,1095
67977,-21.01,31.35,430
67991,-22.13,30.00,457
68014,-19.36,18.07,1400
68032,-19.59,23.25,900
68038,-20.33,26.05,904
68040,-21.25,25.36,985
68110,-22.34,17.06,1700
68112,-22.29,17.28,1719
68174,-23.51,29.27,1226
68240,-24.33,25.55,1005
68242,-25.48,25.33,1281
68263,-25.55,28.13,1526
68267,-26.30,29.59,1774
68312,-26.32,18.07,1100
68328,-26.03,22.27,1000
68342,-26.49,26.01,1498
68424,-28.25,21.16,840
68442,-29.06,26.18,1353
68461,-28.15,28.20,1687
68512,-29.40,17.53,1006
68538,-30.40,24.00,1286
68588,-30.01,30.56,14
68592,-29.36,31.07,109
68816,-33.58,18.36,42
68842,-33.59,25.37,63
68858,-33.02,27.49,116
68906,-40.21,-9.53,54
68994,-46.53,37.52,24
70026,71.17,-156.47,12
70133,66.53,-162.37,5
70197,65.29,-144.40,252
70200,64.30,-165.26,12
70219,60.47,-161.50,42
70231,62.57,-155.36,103
70252,62.18,-150.25,151
70260,64.33,-149.05,110
70261,64.49,-147.53,135
70265,64.39,-147.04,167
70268,62.06,-145.58,573
70273,61.09,-149.59,44
70308,57.09,-170.13,9
70316,55.12,-162.43,32
70326,58.41,-156.40,16
70350,57.45,-152.29,35
70361,59.31,-139.40,13
70371,57.04,-135.21,20
70398,55.02,-131.35,35
70414,52.43,174.06,31
71069,55.18,-114.47,583
71072,48.22,-89.19,199
71115,50.13,-119.12,482
71119,53.33,-114.06,766
71120,54.25,-110.17,541
71121,53.40,-113.28,688
71129,51.31,-109.11,694
71136,49.54,-99.57,409
71145,53.51,-94.39,236
71600,43.55,-60.00,5
71621,44.07,-77.32,86
71625,45.57,-77.19,130
71627,45.28,-73.45,36
71701,45.50,-66.26,51
71716,46.54,-71.30,168
71721,46.16,-75.59,200
71801,47.37,-52.45,141
71851,49.54,-98.17,273
71852,49.55,-97.14,239
71853,49.47,-99.39,375
71861,50.22,-102.34,600
71866,52.10,-106.43,504
71869,53.13,-105.40,428
71874,66.50,-108.01,5
71876,52.46,-108.15,548
71877,51.07,-114.01,1084
71892,49.12,-123.11,4
71896,53.53,-122.41,691
72201,24.33,-81.47,5
72203,26.41,-80.06,6
72205,28.26,-81.19,32
72206,30.29,-81.42,11
72207,32.08,-81.12,15
72208,32.54,-80.02,14
72211,27.58,-82.32,3
72212,29.37,-83.06,13
72214,30.27,-84.18,53
72217,32.42,-83.39,110
72218,33.22,-81.58,45
72219,33.39,-84.25,315
72220,29.44,-85.02,6
72221,30.29,-86.31,29
72223,30.41,-88.15,67
72226,32.18,-86.24,62
72228,33.34,-86.45,192
72231,29.59,-90.15,9
72234,32.20,-88.45,94
72235,32.19,-90.05,91
72239,31.02,-93.02,110
72240,30.08,-93.13,6
72241,29.57,-94.01,7
72243,29.58,-95.21,33
72247,32.21,-94.39,124
72248,32.27,-93.50,85
72250,25.55,-97.25,8
72251,27.47,-97.30,15
72253,29.32,-98.28,242
72255,28.51,-96.55,36
72256,31.37,-97.13,155
72259,32.54,-97.02,182
72261,29.22,-100.55,315
72262,31.50,-104.49,1692
72263,31.22,-100.30,582
72265,31.57,-102.11,874
72266,32.25,-99.41,546
72267,33.39,-101.49,988
72268,33.18,-104.32,1118
72270,31.48,-106.24,1194
72273,31.35,-110.20,1428
72274,32.14,-110.57,747
72278,33.26,-112.01,337
72280,32.39,-114.36,34
72290,32.44,-117.10,9
72291,33.15,-119.27,174
72295,33.56,-118.24,32
72297,33.49,-118.09,12
72303,35.10,-79.02,61
72306,35.52,-78.47,134
72308,36.54,-76.12,9
72310,33.57,-81.07,69
72311,33.57,-83.19,247
72312,34.54,-82.13,296
72314,35.13,-80.56,234
72317,36.06,-79.57,277
72323,34.39,-86.46,196
72324,35.02,-85.12,210
72326,35.49,-83.59,299
72334,35.03,-90.00,87
72340,34.50,-92.16,173
72344,35.20,-94.22,141
72351,33.58,-98.29,314
72353,35.23,-97.36,398
72356,36.12,-95.53,195
72360,36.27,-103.09,1515
72363,35.14,-101.43,1095
72365,35.02,-106.37,1619
72370,35.16,-113.56,1033
72371,36.56,-111.27,1304
72374,35.01,-110.44,1488
72376,35.14,-111.49,2181
72383,34.45,-118.44,1379
72384,35.26,-119.03,150
72386,36.05,-115.10,664
72387,36.37,-116.01,1006
72389,36.46,-119.43,100
72393,34.45,-120.34,121
72401,37.30,-77.20,54
72402,37.56,-75.29,12
72405,38.51,-77.02,20
72406,39.11,-76.40,47
72407,39.27,-74.34,20
72408,39.53,-75.15,9
72410,37.20,-79.12,286
72411,37.19,-79.58,358
72412,37.47,-81.07,766
72414,38.22,-81.36,299
72417,38.53,-79.51,609
72421,39.03,-84.40,267
72422,38.02,-84.36,301
72423,38.11,-85.44,149
72424,37.54,-85.58,230
72425,38.22,-82.33,255
72428,40.00,-82.53,254
72432,38.03,-87.32,118
72434,38.45,-90.22,172
72438,39.44,-86.16,246
72439,39.51,-89.40,187
72440,37.14,-93.24,390
72445,38.49,-92.13,274
72446,39.17,-94.45,313
72450,37.39,-97.26,409
72451,37.46,-99.58,790
72452,37.18,-98.35,468
72456,39.04,-95.38,269
72458,39.33,-97.39,452
72462,37.26,-105.52,2299
72464,38.17,-104.30,1439
72465,39.22,-101.41,1124
72466,38.49,-104.43,1881
72469,39.46,-104.52,1612
72470,39.37,-110.45,1799
72476,39.07,-108.32,1473
72480,37.22,-118.22,1263
72481,37.22,-120.34,60
72488,39.30,-119.47,1341
72492,37.54,-121.15,8
72494,37.37,-122.23,5
72503,40.46,-73.54,9
72507,41.44,-71.26,19
72508,41.56,-72.41,55
72509,42.22,-71.02,9
72513,41.20,-75.44,289
72514,41.15,-76.55,160
72515,42.13,-75.59,497
72517,40.39,-75.26,117
72519,43.07,-76.07,124
72521,40.55,-81.26,377
72523,42.34,-77.43,209
72524,41.25,-81.52,245
72525,41.16,-80.40,361
72526,42.05,-80.11,225
72528,42.56,-78.43,218
72529,43.07,-77.40,169
72530,41.59,-87.54,205
72532,40.40,-89.41,202
72533,41.00,-85.12,252
72535,41.42,-86.19,236
72536,41.36,-83.48,211
72537,42.14,-83.20,202
72539,42.46,-84.36,266
72543,42.12,-89.06,226
72544,41.27,-90.31,181
72546,41.32,-93.39,294
72550,41.18,-95.54,299
72551,40.51,-96.45,362
72552,40.57,-98.19,566
72556,41.59,-97.26,473
72557,42.24,-96.23,336
72561,41.06,-102.59,1312
72562,41.08,-100.42,848
72564,41.09,-104.49,1872
72565,39.52,-104.40,1656
72567,42.52,-100.33,792
72569,42.55,-106.28,1612
72572,40.46,-111.57,1289
72575,41.12,-112.01,1353
72597,42.23,-122.53,399
72645,44.30,-88.07,210
72655,45.33,-94.04,312
72659,45.27,-98.25,400
72681,43.34,-116.13,873
72694,44.55,-123.00,62
72712,46.52,-68.01,191
72747,48.34,-93.24,362
72764,46.46,-100.46,505
72768,48.12,-106.38,694
72776,47.28,-111.23,1131
72797,47.56,-124.34,57
74230,46.26,-105.52,801
74468,38.50,-85.25,265
74486,40.39,-73.47,7
74494,41.39,-69.58,16
76225,28.40,-106.02,1472
76256,27.57,-110.48,12
76393,25.41,-100.16,515
76405,24.08,-110.19,18
76458,23.13,-106.25,3
76612,20.42,-103.24,1551
76644,20.57,-89.39,11
76654,19.03,-104.19,3
76679,19.24,-99.12,2235
76692,19.09,-96.07,19
76723,18.44,-110.57,34
76743,17.59,-92.55,6
76805,16.46,-99.45,3
78016,32.22,-64.41,4
78073,25.03,-77.28,7
78325,23.10,-82.21,50
78355,21.24,-77.51,122
78367,19.54,-75.08,23
78384,19.18,-81.21,3
78397,17.56,-76.47,14
78486,18.26,-69.53,14
78526,18.26,-66.00,4
78583,17.32,-88.18,5
78641,14.35,-90.31,1489
78666,13.26,-89.04,21
78720,14.03,-87.13,1007
78730,14.04,-83.38,20
78741,12.09,-86.10,56
78762,9.59,-84.11,908
78866,18.02,-63.07,4
78894,17.54,-62.51,45
78897,16.16,-61.31,8
78925,14.36,-61.00,8
78970,10.37,-61.21,15
80001,12.35,-81.43,6
80035,11.32,-72.56,4
80222,4.42,-74.09,2546
80241,4.33,-70.55,167
80398,-4.10,-69.57,84
80403,11.25,-69.41,17
80407,10.34,-71.44,65
80410,10.04,-69.19,614
80413,10.15,-67.39,437
80415,10.36,-66.59,48
80419,10.07,-64.41,7
80420,10.27,-64.11,4
80421,10.55,-63.58,19
80422,10.40,-63.15,10
80425,9.49,-70.56,28
80426,9.21,-70.37,582
80435,9.45,-63.11,66
80444,8.09,-63.33,48
80447,7.51,-72.27,378
80448,7.14,-70.48,131
80450,7.54,-67.25,48
80453,7.18,-61.27,181
80457,5.36,-67.30,74
80462,4.36,-61.07,907
80476,10.31,-71.39,26
81002,6.30,-58.15,30
81202,5.57,-57.02,2
81209,4.21,-54.25,52
81225,5.27,-55.12,15
81250,3.47,-56.09,323
81251,2.02,-56.07,265
81253,3.22,-57.20,165
81401,5.29,-54.02,5
81405,4.49,-52.22,9
81408,3.53,-51.48,7
81415,3.38,-54.02,107
82022,2.50,-60.42,140
82099,0.03,-51.04,17
82107,-0.07,-66.58,79
82193,-1.23,-48.29,16
82244,-2.26,-54.43,72
82280,-2.32,-44.18,51
82281,-2.36,-44.14,53
82332,-3.09,-59.59,84
82397,-3.46,-38.36,26
82400,-3.51,-32.25,56
82411,-4.15,-69.56,81
82599,-5.55,-35.15,52
82678,-6.46,-43.01,127
82704,-7.38,-72.40,170
82765,-7.20,-47.28,193
82824,-8.46,-63.55,102
82900,-8.03,-34.55,7
82917,-10.00,-67.48,143
82965,-9.52,-56.06,288
82983,-9.23,-40.29,370
83208,-12.42,-60.06,612
83229,-13.01,-38.31,51
83288,-13.16,-43.25,440
83362,-15.39,-56.06,187
83378,-15.52,-47.56,1061
83498,-17.44,-39.15,3
83525,-18.53,-48.13,943
83554,-19.00,-57.40,142
83566,-19.37,-43.58,828
83583,-19.51,-43.57,785
83612,-20.28,-54.40,567
83649,-20.16,-40.17,4
83650,-20.30,-29.19,5
83708,-22.47,-45.12,537
83746,-22.49,-43.15,6
83768,-23.20,-51.08,569
83778,-23.26,-46.28,750
83779,-23.30,-46.38,722
83780,-23.37,-46.39,803
83827,-25.31,-54.35,180
83840,-25.31,-49.10,908
83899,-27.40,-48.33,5
83928,-29.47,-57.02,74
83937,-29.43,-53.42,85
83971,-30.00,-51.11,3
84008,-0.54,-89.36,6
84203,-2.09,-79.53,6
84377,-3.47,-73.18,126
84401,-5.12,-80.36,55
84628,-12.01,-77.07,13
84658,-12.36,-69.13,201
85123,-13.46,-65.26,144
85201,-16.31,-68.11,4038
85244,-17.38,-63.08,373
85245,-17.48,-63.11,418
85442,-23.27,-70.26,113
85469,-27.10,-109.26,172
85586,-33.39,-71.37,73
85799,-41.26,-73.06,84
85934,-53.00,-70.51,38
86218,-25.14,-57.31,83
86743,-16.10,-40.41,210
86795,-19.53,-47.26,914
86804,-19.59,-40.35,990
86865,-22.19,-49.04,552
86876,-22.28,-43.17,1779
87047,-24.51,-65.29,1221
87155,-27.26,-59.03,52
87344,-31.18,-64.13,493
87418,-32.51,-68.48,704
87576,-34.49,-58.33,20
87623,-36.36,-64.17,191
87715,-38.57,-68.08,271
87860,-45.48,-67.28,46
88889,-51.49,-58.27,74
89002,-70.40,-8.15,42
89009,-90.00,0.00,2835
89022,-75.34,-25.30,30
89050,-62.12,-58.54,15
89055,-64.14,-56.38,200
89512,-70.46,11.50,124
89526,-71.57,23.21,1397
89532,-69.00,39.35,26
89542,-67.40,45.51,50
89564,-67.36,62.53,16
89571,-68.34,77.58,23
89592,-66.33,93.01,45
89611,-66.17,110.31,42
89625,-75.06,123.25,3234
89642,-66.40,140.00,43
89662,-74.42,164.06,93
89664,-77.51,166.40,24
89859,-74.37,164.14,29
91165,22.00,-159.21,32
91178,21.19,-158.04,15
91182,21.21,-157.56,5
91190,20.54,-156.26,20
91212,13.29,144.48,75
91275,16.44,-169.31,2
91285,19.43,-155.03,10
91334,7.27,151.51,3
91348,6.58,158.12,38
91366,8.44,167.44,8
91376,7.04,171.18,5
91408,7.20,134.29,30
91413,9.30,138.05,28
91557,-17.42,168.18,21
91577,-20.34,164.17,19
91582,-20.47,167.14,32
91592,-22.17,166.27,71
91610,1.21,172.55,4
91643,-8.31,179.13,2
91680,-17.45,177.27,24
91701,-2.46,-171.43,2
91762,-13.48,-171.47,2
91765,-14.20,-170.43,5
91792,-21.14,-175.09,41
91843,-21.12,-159.49,7
91925,-9.48,-139.02,53
91929,-16.27,-151.45,3
91938,-17.33,-149.37,2
91943,-14.27,-145.02,3
91945,-19.54,-144.57,3
91948,-23.08,-134.58,89
91954,-23.22,-149.32,6
91958,-27.37,-144.20,2
92014,-5.13,145.48,5
92035,-9.23,147.13,48
92044,-2.03,147.25,4
92047,-6.34,146.43,70
92076,-2.34,150.49,4
92087,-10.41,152.50,7
93012,-35.08,173.16,85
94120,-12.25,130.54,35
94150,-12.16,136.49,53
94170,-12.41,141.55,19
94203,-17.57,122.14,9
94212,-18.14,127.40,424
94214,-15.29,128.07,16
94238,-19.39,134.11,377
94256,-16.40,139.11,9
94287,-16.52,145.45,8
94294,-19.15,146.46,9
94299,-16.17,149.58,10
94300,-24.53,113.40,5
94302,-22.14,114.06,6
94312,-20.22,118.38,8
94326,-23.48,133.53,547
94332,-20.41,139.29,341
94346,-23.26,144.17,193
94367,-21.07,149.13,36
94374,-23.23,150.29,15
94380,-23.51,151.16,75
94403,-28.48,114.42,30
94430,-26.37,118.32,519
94461,-25.02,128.18,599
94510,-26.25,146.15,303
94578,-27.24,153.08,10
94610,-31.56,115.59,20
94637,-30.47,121.27,366
94638,-33.50,121.54,27
94647,-31.41,128.53,94
94653,-32.08,133.42,16
94659,-31.09,136.48,169
94672,-34.57,138.31,8
94693,-34.14,142.05,53
94711,-31.29,145.50,264
94750,-34.57,150.32,105
94767,-33.57,151.10,5
94776,-32.48,151.50,8
94791,-30.19,153.07,6
94801,-35.02,117.53,3
94802,-34.56,117.48,69
94821,-37.45,140.46,69
94862,-36.02,146.02,129
94865,-37.51,144.45,20
94866,-37.40,144.50,119
94907,-38.07,147.08,8
94910,-35.09,147.27,213
94926,-35.19,149.12,578
94975,-42.50,147.30,27
94995,-31.33,159.05,7
94996,-29.02,167.56,117
94998,-54.30,158.56,8
95527,-29.29,149.51,219
95571,-29.37,152.58,26
95679,-35.20,138.30,386
95966,-41.33,147.13,168
96009,5.14,96.57,87
96011,5.31,95.25,21
96035,3.38,98.53,25
96073,1.33,98.53,3
96075,1.10,97.42,6
96091,0.55,104.32,18
96109,0.28,101.27,31
96145,3.13,106.13,3
96147,3.55,108.24,2
96163,-0.48,100.17,3
96171,-0.21,102.20,46
96179,-0.29,104.35,31
96195,-1.38,103.39,25
96207,-2.46,101.22,782
96221,-2.54,104.42,10
96237,-2.10,106.08,33
96249,-2.45,107.45,44
96253,-3.53,102.20,16
96295,-5.06,105.11,96
96315,4.56,114.56,15
96413,1.29,110.20,27
96441,3.12,113.02,5
96449,4.20,113.59,18
96471,5.56,116.03,3
96481,4.16,117.53,20
96491,5.54,118.04,13
96509,3.20,117.34,6
96529,2.09,117.26,26
96535,1.46,109.18,15
96581,-0.09,109.24,3
96595,-0.57,114.54,60
96607,-0.29,117.09,230
96633,-1.16,116.54,3
96645,-2.42,111.42,25
96655,-2.14,113.57,27
96685,-3.26,114.45,20
96737,-6.07,106.08,40
96739,-6.14,106.39,46
96749,-6.07,106.39,8
96781,-6.54,107.35,740
96791,-6.45,108.16,50
96797,-6.51,109.09,10
96805,-7.44,109.01,6
96837,-6.58,110.25,3
96839,-6.59,110.23,3
96925,-5.51,112.39,3
96933,-7.13,112.43,3
96935,-7.22,112.47,3
96937,-7.13,112.43,3
96973,-7.02,113.55,3
96987,-8.13,114.21,5
96996,-12.11,96.50,4
97008,3.41,125.32,38
97014,1.33,124.55,80
97028,1.07,120.48,2
97048,0.38,122.51,2
97072,-0.55,119.54,6
97086,-1.02,122.46,2
97096,-1.25,120.39,2
97146,-3.57,122.37,50
97180,-5.04,119.33,14
97192,-5.29,122.34,2
97230,-8.45,115.11,1
97260,-8.29,117.25,3
97270,-8.33,118.42,2
97300,-8.38,122.14,3
97340,-9.40,120.18,12
97372,-10.10,123.40,108
97385,-9.12,124.22,5
97390,-8.34,125.34,6
97430,0.50,127.23,23
97460,-0.38,127.30,3
97502,-0.53,131.17,3
97530,-0.54,134.03,3
97560,-1.11,136.07,11
97600,-2.04,125.59,2
97686,-4.06,138.57,1660
97690,-2.35,140.31,99
97700,-3.14,127.06,20
97724,-3.43,128.05,12
97748,-3.53,130.54,3
97760,-3.39,133.42,3
97810,-5.40,132.44,12
97876,-6.06,140.18,16
97900,-7.59,131.18,24
97980,-8.31,140.25,3
98135,20.27,121.58,11
98223,18.11,120.32,5
98328,16.24,120.36,1501
98433,14.34,121.22,646
98437,13.22,122.31,45
98444,13.09,123.44,17
98618,9.44,118.46,18
98630,10.51,121.00,4
98646,10.19,123.59,24
98653,9.47,125.29,55
98753,7.07,124.39,18
98836,6.54,122.04,6
